商品コード	商品名	金額	
IFG0034	Tシャツ（メンズ）	3200	
IGT7834	Tシャツ（メンズ）	3300	
ABS3450	Tシャツ（メンズ）	2800	
QTN3J45	Tシャツ（メンズ）	1600	
ACND0012	Tシャツ（メンズ）	2200	
AAC0099	 ポロシャツ AR L	4400	
NM0038	 ポロシャツ AR LL	4500	
TTG05	 ポロシャツ AR S	4500	
QTN334	 ポロシャツ AR SS	4600	
NMP345	 ポロシャツ AR XL	4800	
PNFE9355	ジャケット（レディース）	6200	
ANC3345	ジャケット（レディース）	6300	
PPT9344	ジャケット（レディース）	5390	
RTU03456	ジャケット（レディース）	8200	
NF40951	ジャケット（レディース）	7500	
C00034	ジャケット（レディース）	7430	
N03045	ジャケット（レディース）	5100	
Y2021N506	パーカー（キッズ）	3400	
Y2021N594	パーカー94（キッズ）	3520	
Y2021N595	パーカー95（キッズ）	3520	
Y2021N596	パーカー96（キッズ）	3520	
Y2021O3345	パーカー（キッズ）	3199	
Y2021U304	パーカー（キッズ）	4100	
Y2021ET003	パーカー（キッズ）	4299	
PO9332	パーカー（キッズ）	3599	
PO0495	パーカー（キッズ）	3199	
PO30441	パーカー（キッズ）	1749	
